IPC Section,Offense,Punishment,Cognizable,Bailable,Court
140,"Wearing the dress or carrying any token used by a soldier, sailor or airman with intent that it may be believed that he is such a soldier, sailor or airman",3 Months or Fine or Both,Cognizable,Bailable,Any Magistrate
127,Receiving property taken by war or depredation mentioned in sections 125 And 126,7 Years + Fine + forfeiture of property,Cognizable,Non-Bailable,Court of Session
128,Public servant voluntarily allowing prisoner of State or war in his custody to escape,Imprisonment for Life or 10 Years + Fine,Cognizable,Non-Bailable,Court of Session
129,Public servant negligently suffering prisoner of State or war in his custody to escape,Simple Imprisonment 3 Years + Fine,Cognizable,Bailable,Magistrate First Class
130,"Aiding escape of, rescuing or harbouring, such prisoner, or offering Any resistance to the recapture of such prisoner",Imprisonment for Life or 10 Years + Fine,Cognizable,Non-Bailable,Court of Session
131,"Abetting mutiny, or attempting to seduce an officer, soldier sailor or airman from his allegiance or duty",Imprisonment for Life or 10 Years + Fine,Cognizable,Non-Bailable,Court of Session
132,"Abetment of mutiny, if mutiny is committed in consequence thereof",Death or Imprisonment for Life or 10 Years + Fine,Cognizable,Non-Bailable,Court of Session
133,"Abetment of an assault by An officer, soldier, sailor Or airman on his superior officer, when in the execution of his office",3 Years + Fine,Cognizable,Non-Bailable,Magistrate First Class
134,"Abetment of such assault, if the assault is committed",7 Years + Fine,Cognizable,Non-Bailable,Magistrate First Class
135,"Abetment of the desertion of an officer, soldier, sailor or airman",2 Years or Fine or Both,Cognizable,Bailable,Any Magistrate
136,"Harbouring such an officer, soldier, sailor or airman who has deserted",2 Years or Fine or Both,Cognizable,Bailable,Any Magistrate
122,"Collecting arms, etc., with The intention of waging War against the Government of India",Imprisonment for Life or 10 Years + Fine,Cognizable,Non-Bailable,Court of Session
137,"Deserter concealed on board merchant vessel, through negligence of master or person in charge thereof",Fine,Non-Cognizable,Bailable,Any Magistrate
138,"Abetment of act of insubordination by an officer, soldier, sailor or airman, if the offence be committed in consequence",6 Months or Fine or Both,Cognizable,Bailable,Any Magistrate
121A,Conspiring to commit certain offences against the State,Imprisonment for Life or 10 Years + Fine,Cognizable,Non-Bailable,Court of Session
122,"Collecting arms, etc., with The intention of waging War against the Government of India",Imprisonment for Life or 10 Years + Fine,Cognizable,Non-Bailable,Court of Session
123,Concealing with intent to facilitate a design to wage War,10 Years + Fine,Cognizable,Non-Bailable,Court of Session
124,"Assaulting President, Governor, etc., with intent to compel or restrain the exercise of any lawful power",7 Years + Fine,Cognizable,Non-Bailable,Court of Session
124A,Sedition,Imprisonment for Life + Fine or 3 Years + Fine or Fine,Cognizable,Non-Bailable,Court of Session
125,"Waging war against any Asiatic power in alliance or at peace with the Government of India, or abetting the waging of such war",Imprisonment for Life + Fine or 7 Years + Fine or Fine,Cognizable,Non-Bailable,Court of Session
126,Committing depredation On the territories of any power in alliance or at peace with the Government of India,7 Years + Fine + forfeiture of property,Cognizable,Non-Bailable,Court of Session
140,"Wearing the dress or carrying any token used by a soldier, sailor or airman with intent that it may be believed that he is such a soldier, sailor or airman",3 Months or Fine or Both,Cognizable,Bailable,Any Magistrate
153,"Wantonly giving provocation with intent to cause riot, If rioting be committed",1 Year or Fine or Both,Cognizable,Bailable,Any Magistrate
153A,Promoting enmity between classes,3 Years or Fine or Both,Cognizable,Non-Bailable,Magistrate First Class
153B,"Imputations, assertions prejudicial to national integration",3 Years or Fine or Both,Cognizable,Non-Bailable,Magistrate First Class
154,"Owner or occupier of land non giving information of riot, etc.",Fine,Non-Cognizable,Bailable,Any Magistrate
155,Person for whose benefit or on whose behalf a riot takes place not using all lawful means to prevent it,Fine,Non-Cognizable,Bailable,Any Magistrate
156,Agent of owner or occupier for whose benefit a riot is committed not using all lawful means to prevent it,Fine,Non-Cognizable,Bailable,Any Magistrate
157,Harbouring persons hired for an unlawful assembly,6 Months or Fine or Both,Cognizable,Bailable,Any Magistrate
158,Being hired to take part in an unlawful assembly or riot,6 Months or Fine or Both,Cognizable,Bailable,Any Magistrate
159,"When two or more people get into a public fight that disturbs the peace, they are said to have committed an affray.",1 Month or Fine or Both,Non-Cognizable,Bailable,Any Magistrate
145,"Joining or continuing in an unlawful assembly, Knowing that it has been commanded to disperse",2 Years or Fine or Both,Cognizable,Bailable,Any Magistrate
160,Committing affray,1 Month or Fine or Both,Cognizable,Bailable,Any Magistrate
161,"Being or expecting to be a public servant, and taking A gratification other than Legal remuneration in respect of an official act",3 Years or Fine or Both,Cognizable,Non-Bailable,Magistrate First Class
162,"Taking a gratification in order, by corrupt or illegal means, to influence a public servant",3 Years or Fine or Both,Cognizable,Non-Bailable,Magistrate First Class
163,Taking a gratification for the exercise of personal influence with a public servant,Simple Imprisonment for 1 Year or Fine or Both,Cognizable,Non-Bailable,Magistrate First Class
164,Abetment by public servant of the offences defined in the last two preceding clauses with reference to himself,3 Years or Fine or Both,Cognizable,Non-Bailable,Magistrate First Class
165,"Public servant obtaining any valuable thing, without consideration, From a person concerned in any proceeding or business transacted by Such public servant",3 Years or Fine or Both,Cognizable,Non-Bailable,Magistrate First Class
165A,Punishment for abetment of offences punishable under section 161 or section 165,3 Years or Fine or Both,Cognizable,Non-Bailable,Magistrate First Class
166,Public servant disobeying a direction of the law with intent to cause injury to any person,Simple Imprisonment for 1 Year or Fine or Both,Non-Cognizable,Bailable,Magistrate First Class
166A,Public servant disobeying direction under law,"6 Months - 2 Years , and fine.",Cognizable,Bailable,Magistrate First Class
166B,Punishment for non-treatment of victim,1 year or fine or both.,Cognizable,Bailable,Any Magistrate
167,Public servant framing an incorrect document with intent to cause injury,3 Years or Fine or Both,Cognizable,Bailable,Magistrate First Class
168,Public servant unlawfully engaging in trade,Simple Imprisonment for 1 Year or Fine or Both,Non-Cognizable,Bailable,Magistrate First Class
169,Public servant unlawfully buying or bidding for property,"Simple Imprisonment for 2 Years or Fine or Both and confiscation of property, if purchased",Non-Cognizable,Bailable,Magistrate First Class
170,Personating a Public servant,2 Years or Fine or Both,Cognizable,Non-Bailable,Any Magistrate
171,Wearing garb or carrying token used by public servant with fraudulent intent,3 Months or Fine or Both,Cognizable,Non-Bailable,Any Magistrate
171D,Personation at elections,1 year or fine or both,Cognizable,Bailable,Any Magistrate
171E,Bribery,"1 Year or Fine or Both, or if treating only, fine only",Non-Cognizable,Bailable,Magistrate First Class
147,Rioting,2 Years or Fine or Both,Cognizable,Bailable,Any Magistrate
171F,Undue influence at an election,1 Year or Fine or Both,Non-Cognizable,Bailable,Magistrate First Class
171G,False statement in connection with an election,Fine,Non-Cognizable,Bailable,Magistrate First Class
171H,Illegal payments in connection with elections,Fine,Non-Cognizable,Bailable,Magistrate First Class
171I,Failure to keep election accounts,Fine,Non-Cognizable,Bailable,Magistrate First Class
172,Absconding to avoid service of summons or other proceeding from a public servant,Simple Imprisonment for 1 Month or Fine or Both,Non-Cognizable,Bailable,Any Magistrate
173,"Preventing the service or The affixing of any summons of notice, or the removal of it when it has been affixed, or preventing a reclamation",Simple Imprisonment for 1 Month or Fine or Both,Non-Cognizable,Bailable,Any Magistrate
174,"Not obeying a legal order to attend at a certain place in person or by agent, or departing therefrom without authority",Simple Imprisonment for 1 Month or Fine or Both,Non-Cognizable,Bailable,Any Magistrate
174A,Failure to appear at specified place and specified time as required by a proclamation published under Sub-Section 1 of section 82 of this Code,3 Years or Fine or Both,Cognizable,Non-Bailable,Magistrate First Class
175,Intentionally omitting to produce a document to a public servant by a person legally bound to produce deliver such document,Simple Imprisonment for 1 Month or Fine or Both,Non-Cognizable,Bailable,"Same As Offence, subject to Ch. XXVI, or if not committed in a Court, Any Magistrate"
176,Intentionally omitting to Give notice or information to a public servant by a person legally bound to Give such notice or information,Simple Imprisonment for 1 Month or Fine or Both,Non-Cognizable,Bailable,Any Magistrate
148,Rioting armed with deadly Weapon,3 Years or Fine or Both,Cognizable,Bailable,Magistrate First Class
177,Knowingly furnishing false information to a public servant,6 Months or Fine or Both,Non-Cognizable,Bailable,Any Magistrate
178,Refusing oath when duly required to take oath by a public servant,Simple Imprisonment for 6 Months or Fine or Both,Non-Cognizable,Bailable,"Same As Offence, subject to Ch. XXVI, or if not committed in a Court, Any Magistrate"
179,"Being legally bound to state truth, and refusing to answer questions",Simple Imprisonment for 6 Months or Fine or Both,Non-Cognizable,Bailable,"Same As Offence, subject to Ch. XXVI, or if not committed in a Court, Any Magistrate"
180,Refusing to sign statement made to a public servant when legally required to do so,Simple Imprisonment for 3 Months or Fine or Both,Non-Cognizable,Bailable,"Same As Offence, subject to Ch. XXVI, or if not committed in a Court, Any Magistrate"
181,"Knowingly stating to a public servant, on oath as True that which is false",3 Years + Fine,Non-Cognizable,Bailable,Magistrate First Class
182,Giving false information to a public servant in order to cause him to use his lawful power to the injury or annoyance of any person,6 Months or Fine or Both,Non-Cognizable,Bailable,Any Magistrate
183,Resistance to the taking of property by the lawful authority of a public servant,6 Months or Fine or Both,Non-Cognizable,Bailable,Any Magistrate
184,Obstructing sale of property offered for sale by authority of a public servant,1 Month or Fine or Both,Non-Cognizable,Bailable,Any Magistrate
185,"Bidding, by a person under a legal incapacity to purchase it, for property at a lawfully authorized Sale, or bidding without intending to perform the obligations incurred thereby",1 Month or Fine or Both,Non-Cognizable,Bailable,Any Magistrate
186,Obstructing public servant in discharge of his public functions,3 Months or Fine or Both,Non-Cognizable; Cognizable in A.P.,Bailable,Any Magistrate
149,"If an offence be committed by any member of an unlawful assembly, every other member of such assembly shall be guilty of the offence",Same As Offence,Same As Offence,Same As Offence,Same As Offence
187,Omission to assist public servant when bound by law to give such assistance,Simple Imprisonment for 1 Month or Fine or Both,Non-Cognizable,Bailable,Any Magistrate
188,"Disobedience to an order lawfully promulgated by a public servant, If such disobedience causes obstruction, annoyance or injury to persons lawfully employed",Simple Imprisonment for 1 Month or Fine or Both,Cognizable,Bailable,Any Magistrate
189,"Threatening a public servant with injury to him or one in whom he is interested, to induce him to do or forbear to do any official act",2 Years or Fine or Both,Non-Cognizable; Cognizable in A.P.,Bailable,Any Magistrate
190,Threatening any person to induce him to refrain From making a legal application for protection From injury,1 Year or Fine or Both,Non-Cognizable; Cognizable in A.P.,Bailable,Any Magistrate
150,"Hiring, engaging or employing persons to Take part in an unlawful assembly",Same as a Member and for Offence by any Member,Cognizable,Same As Offence,Same As Offence
151,Knowingly joining or continuing in any assembly of five or more Persons after it has been commanded to disperse,6 Months or Fine or Both,Cognizable,Bailable,Any Magistrate
152,"Assaulting or obstructing public servant when suppressing riot, etc.",3 Years or Fine or Both,Cognizable,Bailable,Magistrate First Class
224,Resistance or obstruction by a person to his lawful apprehension,2 Years or Fine or Both,Cognizable,Bailable,Any Magistrate
225,"Resistance or obstruction to the lawful apprehension of any person, or, rescuing him from lawful custody",2 Years or Fine or Both,Cognizable,Bailable,Any Magistrate
225A,"Omission to apprehend, or sufferance of escape on part of public servant, in cases not otherwise provided for, In case of intentional omission or sufferance",3 Years or Fine or Both,Non-Cognizable,Bailable,Magistrate First Class
225B,"Resistance or obstruction to lawful apprehension, or escape or rescue in cases not otherwise provided for",6 Months or Fine or Both,Cognizable,Bailable,Any Magistrate
226,Unlawful return from transportation,10 years and fine,Cognizable,Non-bailable,Court of Session
193,Giving or fabricating false evidence in a judicial proceeding,7 Years + Fine,Non-Cognizable,Bailable,Magistrate First Class
194,Giving or fabricating false evidence with intent to cause any person to be convicted of a capital offence,Imprisonment for Life or Rigorous Imprisonment for 10 Years + Fine,Non-Cognizable,Non-Bailable,Court of Session
195,Giving or fabricating false evidence with intent to procure conviction of an offence punishable with imprisonment for life or with imprisonment for 7 Years or upwards,Same As Offence,Non-Cognizable,Bailable,Court of Session
195A,Threatening any person to give false evidence,7 Years or Fine or Both,Cognizable,Non-Bailable,As for False Evidence
196,Using in a judicial proceeding evidence known to be false or fabricated,As For False Evidence,Non-Cognizable,Same As Offence,As for False Evidence
197,Knowingly issuing or signing a false certificate relating to any fact of which such certificate is by law admissible in evidence,As for False Evidence,Non-Cognizable,Bailable,As for False Evidence
198,Using as a true certificate one known to be false in a material point,As for False Evidence,Non-Cognizable,Bailable,As for False Evidence
199,False statement made in any declaration which by law receivable as evidence,As for False Evidence,Non-Cognizable,Bailable,As for False Evidence
200,Using as true any such declaration known to be false,As for False Evidence,Non-Cognizable,Bailable,As for False Evidence
201,"Causing disappearance of evidence of an offence committed, or giving false information touching it to screen the offender, If a capital offence",7 Years + Fine,Non-Cognizable,Bailable,Court of Session
202,Intentional omission to give information of an offence by a person legally bound to inform,6 Months or Fine or Both,Non-Cognizable,Bailable,Any Magistrate
203,Giving false information respecting an offence committed,2 Years or Fine or Both,Non-Cognizable,Bailable,Any Magistrate
204,Secreting or destroying any document to prevent its production as evidence,2 Years or Fine or Both,Non-Cognizable,Bailable,Magistrate First Class
205,"False personation for the purpose of any act or proceeding in a suit or criminal prosecution, or for becoming bail or security",3 Years or Fine or Both,Non-Cognizable,Bailable,Magistrate First Class
206,"Fraudulent removal or concealment, etc., of property to prevent its seizure as a forfeiture, or in satisfaction of a Fine under sentence, or in execution of a decree",2 Years or Fine or Both,Non-Cognizable,Bailable,Any Magistrate
207,"Claiming property without right, or practicing deception touching any right to it, to prevent its being taken as a forfeiture or in satisfaction of a Fine under sentence, or in execution of a decree",2 Years or Fine or Both,Non-Cognizable,Bailable,Any Magistrate
208,"Fraudulently suffering a decree to pass for a sum not due, or suffering decree to be executed after it has been satisfied",2 Years or Fine or Both,Non-Cognizable,Bailable,Magistrate First Class
209,False claim in a court of Justice,2 Years + Fine,Non-Cognizable,Bailable,Magistrate First Class
210,"Fraudulently obtaining a decree for a sum not due, or causing a decree to be executed after it has been satisfied",2 Years or Fine or Both,Non-Cognizable,Bailable,Magistrate First Class
211,False charge of offence made with intent to injure,2 Years or Fine or Both,Non-Cognizable,Bailable,Magistrate First Class
212,"Harbouring an offender, If the offence be capital",5 Years + Fine,Cognizable,Bailable,Magistrate First Class
213,"Taking gift, etc., to screen an offender from punishment, If the offence be capital",7 Years + Fine,Cognizable,Bailable,Magistrate First Class
214,"Offering gift or restoration of property in consideration of screening offender, If the offence be capital",7 Years + Fine,Cognizable,Bailable,Magistrate First Class
215,Taking gift to help to recover movable property of which a person has been deprived by an offence without causing apprehension of offender,2 Years or Fine or Both,Cognizable,Bailable,Magistrate First Class
216,"Harbouring an offender who has escaped from custody, or whose apprehension has been ordered, If the offence be capital",7 Years + Fine,Cognizable,Bailable,Magistrate First Class
216A,Harbouring robbers or dacoits,Rigorous Imprisonment for 7 Years and Fine,Cognizable,Bailable,Magistrate First Class
217,"Public servant disobeying a direction of law with intent to save person from punishment, or property from forfeiture",2 Years or Fine or Both,Non-Cognizable,Bailable,Any Magistrate
218,"Public servant framing an incorrect record or writing with intent to save person from punishment, or property from forfeiture",3 Years or Fine or Both,Cognizable,Bailable,Magistrate First Class
219,"Public servant in a judicial proceeding corruptly Making and pronouncing an order, report, Verdict, or decision which he knows to be contrary to law",7 Years or Fine or Both,Non-Cognizable,Bailable,Magistrate First Class
220,"Commitment for trial or confinement by a person Having authority, who Knows that he is Acting contrary to law",7 Years or Fine or Both,Non-Cognizable,Bailable,Magistrate First Class
221,"Intentional omission to apprehend on the part of a public servant bound by law to apprehend an offender, If the offence be Capital",7 Years with or without Fine,Same As Offence,Bailable,Magistrate First Class
222,"Intentional omission to apprehend on the part of A public servant bound by law to apprehend person under sentence of a court of Justice, If under sentence of death",Imprisonment for Life or 14 Years with or without Fine,Cognizable,Non-Bailable,Court of Session
223,Escape from confinement negligently suffered by a public servant,Simple Imprisonment for 2 Years or Fine or Both,Non-Cognizable,Bailable,Any Magistrate
227,Violation of condition of remission of punishment,"Original Sentence, minus time already served",Cognizable,Non-Bailable,Same As Offence
228,Intentional insult or interruption to a public servant sitting in any stage of a judicial proceeding,Simple Imprisonment for 6 Months or Fine or Both,Non-Cognizable; Cognizable in A.P.,Bailable,"Same As Offence, subject to Ch. XXVI, or if not committed in a Court, Any Magistrate"
228A,"Disclosure of identity of the victim of certain offences, etc.",2 Years + Fine,Cognizable,Bailable,Any Magistrate
229,Personation of a juror or assessor,2 Years or Fine or Both,Non-Cognizable,Bailable,Magistrate First Class
229A,Failure by person released on bail or bond to appear in Court,1 Year or Fine or Both,Cognizable,Non-Bailable,Any Magistrate
231,"Counterfeiting, or performing any part of the process of counterfeiting coin",7 Years + Fine,Cognizable,Non-Bailable,Magistrate First Class
232,"Counterfeiting, or performing any part of the process of counterfeiting coin",Imprisonment for Life or 10 Years + Fine,Cognizable,Non-Bailable,Court of Session
233,"Making, buying or selling instrument for the purpose of counterfeiting coin",3 Years + Fine,Cognizable,Non-Bailable,Magistrate First Class
234,"Making, buying or selling instrument for the purpose of counterfeiting Indian coin",7 Years + Fine,Cognizable,Non-Bailable,Court of Session
235,Possession of instrument or material for the purpose of using the same for counterfeiting coin,3 Years + Fine,Cognizable,Non-Bailable,Magistrate First Class
236,"Abetting, in India, the counterfeiting, out of India, of coin",The punishment provided for abetting the counterfeiting of such coin within India,Cognizable,Non-Bailable,Magistrate First Class
237,"Import or export of counterfeit coin, knowing the same to be counterfeit",3 Years + Fine,Cognizable,Non-Bailable,Magistrate First Class
238,"Import or export of counterfeit of Indian coin, knowing the same to be counterfeit",Imprisonment for Life or 10 Years + Fine,Cognizable,Non-Bailable,Court of Session
239,"Having any counterfeit coin known to be such when it came into possession, and delivering, etc., the same to any person",5 Years + Fine,Cognizable,Non-Bailable,Magistrate First Class
240,Same with respect to Indian coin,10 Years + Fine,Cognizable,Non-Bailable,Court of Session
241,"Knowingly delivering to another any counterfeit coin as genuine, which, when first possessed, the deliverer did not know to be counterfeit",2 Years or Fine or 10 x Value of Coin or Both,Cognizable,Non-Bailable,Any Magistrate
242,Possession of counterfeit coin by a person who knew it to be counterfeit when he became possessed thereof,3 Years + Fine,Cognizable,Non-Bailable,Magistrate First Class
243,Possession of Indian coin by a person who knew it to be counterfeit when he became possessed thereof,7 Years + Fine,Cognizable,Non-Bailable,Magistrate First Class
244,Person employed in a Mint causing coin to be of a different weight or composition from that fixed by law,7 Years + Fine,Cognizable,Non-Bailable,Magistrate First Class
245,Unlawfully taking from a Mint any coining instrument,7 Years + Fine,Cognizable,Non-Bailable,Magistrate First Class
246,Fraudulently diminishing the weight or altering the composition of any coin,3 Years + Fine,Cognizable,Non-Bailable,Magistrate First Class
247,Fraudulently diminishing the weight or altering the composition of Indian coin,7 Years + Fine,Cognizable,Non-Bailable,Magistrate First Class
248,Altering appearance of any coin with intent that it shall pass as a coin of a different description,3 Years + Fine,Cognizable,Non-Bailable,Magistrate First Class
249,Altering appearance of Indian coin with intent that it shall pass as a coin of a different description,7 Years + Fine,Cognizable,Non-Bailable,Magistrate First Class
250,Delivery to another of coin possessed with the knowledge that it is altered,5 Years + Fine,Cognizable,Non-Bailable,Magistrate First Class
251,Delivery of Indian coin possessed with the knowledge that it is altered,10 Years + Fine,Cognizable,Non-Bailable,Court of Session
252,Possession of altered coin by a person who knew it to be altered when he became possessed thereof,3 Years + Fine,Cognizable,Non-Bailable,Magistrate First Class
253,Possession of Indian coin by a person who knew it to be altered when he became possessed thereof,5 Years + Fine,Cognizable,Non-Bailable,Magistrate First Class
254,"Delivery to another of coin as genuine which, when first possessed, the deliverer did not know to be altered",2 Years or Fine or 10 x Value of Coin,Cognizable,Non-Bailable,Any Magistrate
255,Counterfeiting a Government stamp,Imprisonment for Life or 10 Years + Fine,Cognizable,Non-Bailable,Court of Session
256,Having possession of an instrument or material for the purpose of counterfeiting a Government stamp,7 Years + Fine,Cognizable,Non-Bailable,Magistrate First Class
257,"Making, buying or selling instrument for the purpose of counterfeiting a Government stamp",7 Years + Fine,Cognizable,Non-Bailable,Magistrate First Class
258,Sale of counterfeit Government stamp,7 Years + Fine,Cognizable,Non-Bailable,Magistrate First Class
259,Having possession of a counterfeit Government stamp,7 Years + Fine,Cognizable,Bailable,Magistrate First Class
260,Using as genuine a Government stamp known to be counterfeit,7 Years or Fine or Both,Cognizable,Bailable,Magistrate First Class
261,"Effacing any writing from a substance bearing a Government stamp, or removing from a document a stamp used for it, with intent to cause a loss to Government",3 Years or Fine or Both,Cognizable,Bailable,Magistrate First Class
262,Using a Government stamp known to have been before used,2 Years or Fine or Both,Cognizable,Bailable,Any Magistrate
263,Erasure of mark denoting that stamps have been used,3 Years or Fine or Both,Cognizable,Bailable,Magistrate First Class
263A,Fictitious stamps,Fine,Cognizable,Bailable,Any Magistrate
264,Fraudulent use of false instrument for weighing,1 Year or Fine or Both,Non-Cognizable,Bailable,Any Magistrate
265,Fraudulent use of false weight or measure,1 Year or Fine or Both,Non-Cognizable,Bailable,Any Magistrate
266,Being in possession of false weights or measures for fraudulent use,1 Year or Fine or Both,Non-Cognizable,Bailable,Any Magistrate
267,Making or selling false weights or measures for fraudulent use,1 Year or Fine or Both,Cognizable,Non-Bailable,Any Magistrate
269,Negligently doing any act known to be likely to spread infection of any disease dangerous to life,6 Months or Fine or Both,Cognizable,Bailable,Any Magistrate
270,Malignantly doing any act known to be likely to spread infection of any disease dangerous to life,2 Years or Fine or Both,Cognizable,Bailable,Any Magistrate
271,Knowingly disobeying any quarantine rule,6 Months or Fine or Both,Non-Cognizable,Bailable,Any Magistrate
272,"Adulterating food or drink intended for sale, so as to make the same noxious",6 Months or Fine or Both,Non-Cognizable,Bailable,Any Magistrate
273,"Selling any food or drink as food and drink, knowing the same to be noxious",6 Months or Fine or Both,Non-Cognizable,Bailable,Any Magistrate
274,"Adulterating any drug or medical preparation intended for sale so as to lessen its efficacy, or to change its operation, or to make it noxious",6 Months or Fine or Both,Non-Cognizable,Non-Bailable,Any Magistrate
275,Offering for sale or issuing from a dispensary any drug or medical preparation known to have been adulterated,6 Months or Fine or Both,Non-Cognizable,Bailable,Any Magistrate
276,Knowingly selling or issuing from a dispensary any drug or medical preparation as a different drug or medical preparation,6 Months or Fine or Both,Non-Cognizable,Bailable,Any Magistrate
277,Defiling the water of a public spring or reservoir,3 Months or Fine or Both,Cognizable,Bailable,Any Magistrate
278,Making atmosphere noxious to health,Fine,Non-Cognizable,Bailable,Any Magistrate
279,"Driving or riding on a public way so rashly or negligently as to endanger human life, etc.",6 Months or Fine or Both,Cognizable,Bailable,Any Magistrate
280,"Navigating any vessel so rashly or negligently as to endanger human life, etc.",6 Months or Fine or Both,Cognizable,Bailable,Any Magistrate
281,"Exhibition of a false light, mark or buoy",7 Years or Fine or Both,Cognizable,Bailable,Magistrate First Class
282,"Conveying for hire any person by water, in a vessel in such a state, or so loaded, as to endanger his life",6 Months or Fine or Both,Cognizable,Bailable,Any Magistrate
283,"Causing danger, obstruction or, injury in any public way or line of navigation",Fine,Cognizable,Bailable,Any Magistrate
284,"Dealing with any poisonous substance so as to endanger human life, etc.",6 Months or Fine or Both,Cognizable,Bailable,Any Magistrate
285,"Dealing with fire or any combustible matter so as to endanger human life, etc.",6 Months or Fine or Both,Cognizable,Bailable,Any Magistrate
286,So dealing with any explosive substance,6 Months or Fine or Both,Cognizable,Bailable,Any Magistrate
287,So dealing with any machinery,6 Months or Fine or Both,Non-Cognizable,Bailable,Any Magistrate
288,A person omitting to guard against probable danger to human life by the fall of any building over which he has a right entitling him to pull it down or repair it,6 Months or Fine or Both,Non-Cognizable,Bailable,Any Magistrate
289,"A person omitting to take order with any animal in his possession, so as to guard against danger to human life, or of grievous hurt, from such animal",6 Months or Fine or Both,Cognizable,Bailable,Any Magistrate
290,Committing a public nuisance,Fine,Non-Cognizable,Bailable,Any Magistrate
291,Committing a nuisance after injunction to discontinue,"Simple Imprisonment for 6 Months, or Fine, or Both",Cognizable,Bailable,Any Magistrate
292,"Sale, etc., of obscene books, etc.","First conviction 2 Years + Fine, then 5 Years + Fine",Cognizable,Bailable,Any Magistrate
293,"Sale etc., of obscene objects to young persons","First conviction 3 Years + Fine, then 7 Years + Fine",Cognizable,Bailable,Any Magistrate
294,Obscene Songs,3 Months or Fine or Both,Cognizable,Bailable,Any Magistrate
294A,Keeping a lottery office,6 Months or Fine or Both,Non-Cognizable,Bailable,Any Magistrate
295,"Destroying, damaging or defiling a place of worship or sacred object with intent to insult the religion of any class of persons",2 Years or Fine or Both,Cognizable,Non-Bailable,Any Magistrate
295A,Maliciously insulting the religions or the religious beliefs of any class,3 Years or Fine or Both,Cognizable,Non-Bailable,Magistrate First Class
296,Causing a disturbance to an assembly engaged in religious worship,1 Year or Fine or Both,Cognizable,Bailable,Any Magistrate
297,"Trespassing in place of worship or sepulchre, disturbing funeral with intention to wound the feeling or to insult the religion of any person, or offering indignity to a human corpse",1 Year or Fine or Both,Cognizable,Non-Bailable,Any Magistrate
298,"Uttering any word or making any sound in the hearing or making any gesture, or placing any object in the sight of any person, with intention to wound his religious feelings",1 Year or Fine or Both,Non-Cognizable,Non-Bailable,Any Magistrate
302,Murder,Death or Imprisonment for Life + Fine,Cognizable,Non-Bailable,Court of Session
303,Murder by a person under Sentence of imprisonment for life,Death,Cognizable,Non-Bailable,Court of Session
304,"Culpable homicide not amounting to murder, If act by which the death is caused is done with intention of causing death, etc.",Imprisonment for Life or 10 Years + Fine,Cognizable,Non-Bailable,Court of Session
304A,Causing death by rash or negligent act,2 Years or Fine or Both,Cognizable,Bailable,Magistrate First Class
304B,Dowry death,"Imprisonment for not less than 7 Years, but upto Life",Cognizable,Non-Bailable,Court of Session
305,"Abetment of suicide committed by child or insane or delirious person or an idiot, or a person intoxicated",Death or Imprisonment for Life or 10 Years + Fine,Cognizable,Non-Bailable,Court of Session
306,Abetting the Commission of suicide,10 Years + Fine,Cognizable,Non-Bailable,Court of Session
307,Attempt to murder,10 Years + Fine,Cognizable,Non-Bailable,Court of Session
308,Attempt to commit culpable homicide,3 Years or Fine or Both,Cognizable,Non-Bailable,Court of Session
309,Attempt to commit suicide,Simple Imprisonment for 1 Year or Fine or Both,Cognizable,Bailable,Any Magistrate
310,Thug (Habitually associated with committing robbery or child stealing accompanied by murder),"Imprisonment for life, and a fine",Cognizable,Non-bailable,Court of Session
311,OffencePunishment,Being a thug,Imprisonment for life and Fine,Cognizable,Non-Bailable
312,Causing miscarriage,3 Years or Fine or Both,Non-Cognizable,Bailable,Magistrate First Class
313,Causing miscarriage without womanâ€™s consent,Imprisonment for Life or 10 Years + Fine,Cognizable,Non-Bailable,Court of Session
314,Death caused by an act done with intent to cause miscarriage,10 Years + Fine,Cognizable,Non-Bailable,Court of Session
315,"Act done with intent to prevent a child being born alive, or to cause it to die after its birth",10 Years or Fine or Both,Cognizable,Non-Bailable,Court of Session
316,Causing death of a quick unborn child by an act amounting to culpable homicide,10 Years and Fine,Cognizable,Non-Bailable,Court of Session
317,Exposure of a child under 12 Years of age by parent or person having care of it with intention of wholly abandoning it,7 Years or Fine or Both,Cognizable,Bailable,Magistrate First Class; Session in M.P.
318,Concealment of birth by secret disposal of dead body,2 Years or Fine or Both,Cognizable,Bailable,Magistrate First Class; Session in M.P.
323,Voluntarily causing hurt,1 Year or Fine or Both,Non-Cognizable,Bailable,Any Magistrate
324,Voluntarily causing hurt by dangerous weapons or means,3 Years or Fine or Both,Cognizable,Non-Bailable,Any Magistrate
325,Voluntarily causing grievous hurt,7 Years + Fine,Cognizable,Bailable,Any Magistrate
326,Voluntarily causing grievous hurt by dangerous weapons or means,Imprisonment for Life or 10 Years + Fine,Cognizable,Non-Bailable,Magistrate First Class; Session in M.P.
326A,"Voluntarily causing grievous hurt by use of acid, etc.",10 years to Life + Fine paid to the victim,Cognizable,Non-bailable,Court of Session
326B,Voluntarily throwing or attempting to throw acid,5 to 7 years + Fine,Cognizable,Non-bailable,Court of Session
327,"Voluntarily causing hurt to extort property or a valuable security, or to constrain to do anything which is illegal or which may facilitate the commission of an offence",10 Years + Fine,Cognizable,Non-Bailable,Magistrate First Class
328,"Administering stupefying drug with intent to cause hurt, etc.",10 Years + Fine,Cognizable,Non-Bailable,Court of Session
329,"Voluntarily causing grievous hurt to extort property or a valuable security, or to constrain to do anything which is illegal, or which may facilitate the commission of an offence",Imprisonment for Life or 10 Years + Fine,Cognizable,Non-Bailable,Court of Session
330,"Voluntarily causing hurt to extort confession or information of property, etc.",7 Years + Fine,Cognizable,Bailable,Magistrate First Class
331,"Voluntarily causing grievous hurt to extort confession or information or to compel restoration of property, etc.",10 Years + Fine,Cognizable,Non-Bailable,Court of Session
332,Voluntarily causing hurt to deter public servant from his duty,3 Years or Fine or Both,Cognizable,Non-Bailable,Magistrate First Class
333,Voluntarily causing grievous hurt to deter public servant from his duty,10 Years + Fine,Cognizable,Non-Bailable,Court of Session
334,"Voluntarily causing hurt on grave and sudden provocation, not intending to hurt any other than the person who gave the provocation",1 Month or Fine or Both,Non-Cognizable,Bailable,Any Magistrate
335,"Causing grievous hurt on Grave and sudden provocation, not intending to hurt and other than the person who gave the provocation",4 Years or Fine or Both,Cognizable,Bailable,Magistrate First Class
336,Doing any act which endangers human life or the personal safety of others,3 Months or Fine or Both,Cognizable,Bailable,Any Magistrate
337,"Causing hurt by an act which endangers human life, etc.",6 Months or Fine or Both,Cognizable,Bailable,Any Magistrate
338,"Causing grievous hurt by an act which endangers human life, etc.",2 Years or Fine or Both,Cognizable,Bailable,Any Magistrate
341,Wrongfully restraining any person,Simple Imprisonment for 1 Month or Fine or Both,Cognizable,Bailable,Any Magistrate
342,Wrongfully confining any person,1 Year or Fine or Both,Cognizable,Bailable,Any Magistrate
343,Wrongfully confining for 3 or more days,2 Years or Fine or Both,Cognizable,Bailable,Any Magistrate
344,Wrongfully confining for 10 or more days,3 Years + Fine,Cognizable,Bailable,Any Magistrate
345,"Keeping any person in wrongful confinement, knowing that a writ has been issued for his liberation",2 Years in addition to imprisonment under any other section,Cognizable,Bailable,Magistrate First Class
346,Wrongful confinement in secret,2 Years in addition to imprisonment under any other section,Cognizable,Bailable,Magistrate First Class
347,"Wrongful confinement for the purpose of extorting property, or constraining to an illegal act, etc.",3 Years + Fine,Cognizable,Bailable,Any Magistrate
348,"Wrongful confinement for the purpose of extorting confession or information, or of compelling restoration of property etc.",3 Years + Fine,Cognizable,Bailable,Any Magistrate
349,Force,Vary depending on the specific circumstances and the intent behind the use of force,Cognizable,Bailable,Any Magistrate
352,Assault or use of criminal force otherwise than on grave provocation,3 Months or Fine or Both,Non-Cognizable,Bailable,Any Magistrate
353,Assault or use of criminal force to deter a public servant from discharge of his duty,2 Years or Fine or Both,Cognizable,Non-Bailable,Any Magistrate
354,Assault or use of criminal force to woman with intent to outrage her modesty,1 to 5 years + Fine,Cognizable,Non-bailable,Any Magistrate
354A,Sexual harassment of the nature of unwelcome physical contact and advances or a demand or request for sexual favours or showing pornography,Upto 3 years or Fine or Both,Cognizable,Bailable,Any Magistrate
354B,Criminal force to woman with intent to disrobe,3 to 7 years + Fine,Cognizable,Non-bailable,Any Magistrate
354C,Voyeurism," 3 years, and a fine",Cognizable,Bailable,Magistrate First Class
354D,Stalking,Upto 3 years + Fine for first conviction,Cognizable,Bailable,Any Magistrate
355,"Assault or criminal force with intent to dishonour a person, otherwise than on grave and sudden provocation",2 Years or Fine or Both,Non-Cognizable,Bailable,Any Magistrate
356,Assault or criminal force in attempt to commit theft of property worn or carried by a person,2 Years or Fine or Both,Cognizable,Bailable,Any Magistrate
357,Assault or use of criminal Force in attempt wrongfully to confine a person,1 Year or Fine or Both,Cognizable,Bailable,Any Magistrate
358,Assault or use of criminal force on grave and sudden provocation,Simple Imprisonment for 1 Month or Fine or Both,Non-Cognizable,Bailable,Any Magistrate
360,Kidnapping from India,"7 years, and a fine.",Cognizable,Non-bailable,Court of Session
361,Kidnapping from lawful guardianship,"7 years, and a fine",Cognizable,Non-bailable,Court of Session
362,Abduction,"7 years, and a fine",Cognizable,Non-bailable,Court of Session
363,Kidnapping,7 Years + Fine,Cognizable,Bailable,Magistrate First Class
363A,Kidnapping or obtaining the custody of a minor in order that such minor may be employed or used for purposes of begging,10 Years + Fine.,Cognizable,Non-Bailable,Magistrate First Class
364,Kidnapping or abducting in order to murder,Imprisonment for Life or Rigorous Imprisonment for 10 Years + Fine,Cognizable,Non-Bailable,Court of Session
364A,"Kidnapping for ransom, etc.",Death or Life + Fine,Cognizable,Non-Bailable,Court of Session
35,Kidnapping or abducting with intent secretly and wrongfully to confine a person,7 Years + Fine,Cognizable,Non-Bailable,Magistrate First Class
366,Kidnapping or abducting a woman to compel her marriage or to cause her defilement etc.,10 Years + Fine,Cognizable,Non-Bailable,Court of Session
366A,Procuration of minor girl,10 Years + Fine,Cognizable,Non-Bailable,Court of Session
366B,Importation of girl from foreign country,10 Years + Fine,Cognizable,Non-Bailable,Court of Session
367,"Kidnapping or abducting in order to subject a person to grievous hurt, slavery, etc.",10 Years + Fine,Cognizable,Non-Bailable,Court of Session
368,Concealing or keeping in confinement a kidnapped person,As for Kidnapping or Abduction,Cognizable,Non-Bailable,As for Kidnapping or Abduction
369,Kidnapping or abducting a child with intent to take property from the person of such child,7 Years + Fine,Cognizable,Non-Bailable,Magistrate First Class
370,Trafficking of person,7 to 10 years + Fine,Cognizable,Non-bailable,Court of Session
370A,Exploitation of a trafficked child,5 to 7 years + Fine,Cognizable,Non-bailable,Court of Session
371,Habitual dealing in slaves,Life or 10 Years + Fine,Cognizable,Non-Bailable,Court of Session
372,"Selling or letting to hire a minor for purposes of prostitution, etc.",10 Years + Fine,Cognizable,Non-Bailable,Court of Session
373,Buying or obtaining possession of a minor for the same purposes,10 Years + Fine,Cognizable,Non-Bailable,Court of Session
374,Unlawful compulsory labour,1 Year or Fine or Both,Cognizable,Bailable,Any Magistrate
376,Rape,Rigorous Imprisonment for 10 years to Imprisonment for Life + Fine,Cognizable,Non-bailable,Court of Session
376A,Person committing an offence of rape and inflicting injury which causes death or causes the woman to be in a persistent vegetative state,Rigorous Imprisonment for 20 years to Imprisonment for Natural-Life or Death,Cognizable,Non-bailable,Court of Session
376AB,Punishment for rape on a woman under twelve years of age,"20 years, which may extend to life imprisonment, and fine or death",Cognizable,Non-bailable,Court of Session
376B,Sexual intercourse by husband upon his wife during separation,2 to 7 years + Fine,Cognizable (on complaint of victim),Bailable,Court of Session
376C,Sexual intercourse by a person in authority,Rigorous Imprisonment for 5 to 10 years + Fine,Cognizable,Non-bailable,Court of Session
376D,Gang rape,Rigorous Imprisonment for 20 years to Imprisonment for Natural-Life + Fine paid to the victim,Cognizable,Non-bailable,Court of Session
376DA,Gang rape on a woman under twelve years of age,"imprisonment for life, which may extend to death, and fine",Cognizable,Non-bailable,Court of Session
376E,Repeat offenders,Imprisonment for Natural-Life or Death,Cognizable,Non-bailable,Court of Session
377,Unnatural offences,Imprisonment for Life or 10 Years + Fine,Cognizable,Non-Bailable,Magistrate First Class
379,Theft,3 Years or Fine or Both,Cognizable,Non-Bailable,Any Magistrate
380,"Theft in a building, tent or vessel",7 Years + Fine,Cognizable,Non-Bailable,Any Magistrate
381,Theft by clerk or servant of property in possession of master or employer,7 Years + Fine,Cognizable,Non-Bailable,Any Magistrate
382,"Theft, after preparation having been made for causing death, or hurt, or restraint or fear of death, or of hurt or of restraint, in order to the committing of such theft, or to retiring after committing it, or to retaining property taken by it",Rigorous Imprisonment for 10 Years + Fine,Cognizable,Non-Bailable,Magistrate First Class
384,Extortion,3 Years or Fine or Both,Cognizable,Non-Bailable,Any Magistrate
385,"Putting or attempting to put in fear of injury, in order to commit extortion",2 Years or Fine or Both,Cognizable,Bailable,Any Magistrate
386,extortion by putting a person in fear of death or grievous hurt,10 Years + Fine,Cognizable,Non-Bailable,Magistrate First Class
387,Putting or attempting to put a person in fear of death or grievous hurt in order to commit extortion,7 Years + Fine,Cognizable,Non-Bailable,Magistrate First Class
388,"Extortion by threat of accusation of an offence punishable with death, imprisonment for life, or imprisonment for 10 Years.",10 Years + Fine.,Cognizable,Bailable,Magistrate First Class
389,"Putting a person in fear of accusation of an offence punishable with death, imprisonment for life, or imprisonment for 10 Years in order to commit extortion.",10 Years + Fine,Cognizable,Bailable,Magistrate First Class
392,Robbery,Rigorous Imprisonment for 10 Years + Fine,Cognizable,Non-Bailable,Magistrate First Class
393,Attempt to commit robbery,Rigorous Imprisonment for 7 Years + Fine,Cognizable,Non-Bailable,Magistrate First Class
394,"Person voluntarily causing hurt in committing or attempting to commit robbery, or any other person jointly concerned in such robbery",Imprisonment for Life or Rigorous Imprisonment for 10 Years + Fine,Cognizable,Non-Bailable,Magistrate First Class
395,Dacoity,Imprisonment for Life or Rigorous Imprisonment for 10 Years + Fine,Cognizable,Non-Bailable,Court of Session
396,Murder in Dacoity,"Death, Imprisonment for Life, or Rigorous Imprisonment for 10 Years + Fine",Cognizable,Non-Bailable,Court of Session
397,"Robber or Dacoity, with attempt to cause death or grievous hurt",Rigorous Imprisonment for not less than 7 Years,Cognizable,Non-Bailable,Court of Session
398,Attempt to commit robbery or Dacoity when armed with deadly weapons,Rigorous Imprisonment for not less than 7 Years,Cognizable,Non-Bailable,Court of Session
399,Making preparation to commit Dacoity,Rigorous Imprisonment for 10 Years + Fine,Cognizable,Non-Bailable,Court of Session
400,Belonging to a gang of persons associated for the purpose of habitually committing Dacoity,Imprisonment for Life or Rigorous Imprisonment for 10 Years + Fine,Cognizable,Non-Bailable,Court of Session
401,Belonging to a wandering gang of persons associated for the purpose of habitually committing thefts,Rigorous Imprisonment for 7 Years + Fine,Cognizable,Non-Bailable,Magistrate First Class
402,Being one of five or more persons assembled for the purpose of committing Dacoity,Rigorous Imprisonment for 7 Years + Fine,Cognizable,Non-Bailable,Court of Session
403,"Dishonest misappropriation of movable property, or converting it to oneâ€™s own use",2 Years or Fine or Both,Non-Cognizable,Bailable,Any Magistrate
404,"Dishonest misappropriation of property, knowing that it was in possession of a deceased person at his death, and that it has not since been in the possession of any person legally entitled to it",3 Years + Fine,Non-Cognizable,Bailable,Magistrate First Class
406,Criminal breach of trust,3 Years or Fine or Both,Cognizable,Non-Bailable,Magistrate First Class
407,"Criminal breach of trust by a carrier, wharfinger, etc.",7 Years + Fine,Cognizable,Non-Bailable,Magistrate First Class
408,Criminal breach of trust by a clerk or servant,7 Years + Fine,Cognizable,Non-Bailable,Magistrate First Class
409,"Criminal breach of trust by public servant or by banker, merchant or agent, etc.",Imprisonment for Life or 10 Years + Fine,Cognizable,Non-Bailable,Magistrate First Class
410,Stolen property,"7 years, and fine",Cognizable,Bailable,Any Magistrate
411,Dishonestly receiving stolen property knowing it to be stolen,3 Years or Fine or Both,Cognizable,Non-Bailable,Any Magistrate
412,"Dishonestly receiving stolen property, knowing that it was obtained by Dacoity",Imprisonment for Life or Rigorous Imprisonment for 10 Years + Fine,Cognizable,Non-Bailable,Court of Session
413,Habitually dealing in stolen property,Imprisonment for Life or 10 Years + Fine,Cognizable,Non-Bailable,Court of Session
414,"Assisting in concealment or disposal of stolen property, knowing it to be stolen","3 Years, or Fine, or Both",Cognizable,Non-Bailable,Any Magistrate
417,Cheating,1 Year or Fine or Both,Non-Cognizable,Bailable,Any Magistrate
418,"Cheating a person whose interest the offender was bound, either by law or by legal contract, to protect",3 Years or Fine or Both,Non-Cognizable,Bailable,Any Magistrate
419,Cheating by personation,3 Years or Fine or Both,Cognizable,Bailable,Any Magistrate
420,"Cheating and there by dishonestly inducing delivery of property, or the making, alteration or destruction of a valuable security",7 Years + Fine,Cognizable,Non-Bailable,Magistrate First Class
421,"Fraudulent removal or concealment of property etc., to prevent distribution among creditors",2 Years or Fine or Both,Non-Cognizable,Bailable,Any Magistrate
422,Fraudulently preventing from being made available for his creditors a debt or demand due to the offender,2 Years or Fine or Both,Non-Cognizable,Bailable,Any Magistrate
423,Fraudulent execution of deed of transfer containing a false statement of consideration,2 Years or Fine or Both,Non-Cognizable,Bailable,Any Magistrate
424,"Fraudulent removal or concealment of property of himself or any other person or assisting in the doing thereof, or dishonestly releasing any demand or claim to which he is entitled",2 Years or Fine or Both,Non-Cognizable,Bailable,Any Magistrate
426,Mischief,3 Months or Fine or Both,Non-Cognizable,Bailable,Any Magistrate
427,"Mischief, and thereby causing damage to the amount of 50 rupees or upwards",2 Years or Fine or Both,Non-Cognizable,Bailable,Any Magistrate
428,"Mischief by killing, poisoning, maiming or rendering useless any animal of the value of 10 rupees or upwards",2 Years or Fine or Both,Cognizable,Bailable,Any Magistrate
429,"Mischief by killing poisoning maiming or rendering useless any elephant, camel, horse, etc., whatever may be its value or any other animal of the value of 50 rupees or upwards",5 Years or Fine or Both,Cognizable,Bailable,Magistrate First Class
430,"Mischief by causing diminution of supply of water for agricultural purposes, etc.",5 Years or Fine or Both,Cognizable,Bailable,Magistrate First Class
431,"Mischief by injury to public road, bridge, navigable river, or navigable channel and rendering it impassable or less safe for travelling or conveying property",5 Years or Fine or Both,Cognizable,Bailable,Magistrate First Class
432,Mischief by causing inundation or obstruction to public drainage attended with damage,5 Years or Fine or Both,Cognizable,Bailable,Magistrate First Class
433,"Mischief by destroying or moving or rendering less useful a lighthouse or sea-mark, or by exhibiting false lights",7 Years or Fine or Both,Cognizable,Bailable,Magistrate First Class
434,"Mischief by destroying or moving, etc., a landmark fixed by public authority",1 Year or Fine or Both,Non-Cognizable,Bailable,Any Magistrate
435,"Mischief by fire or explosive substance with intent to cause damage to an amount of 100 rupees or upwards, or, in case of agricultural produce, 10 rupees or upwards",7 Years + Fine,Cognizable,Bailable,Magistrate First Class
436,Mischief by fire or explosive substance with intent to destroy house etc.,"Imprisonment for Life, or 10 Years + Fine",Cognizable,Non-Bailable,Court of Session
437,Mischief with intent to destroy or make unsafe A decked vessel or a vessel of 20 tones burden,10 Years + Fine,Cognizable,Non-Bailable,Court of Session
438,The mischief described in the last section when committed by fire or any explosive substance,Imprisonment for Life or 10 Years + Fine,Cognizable,Non-Bailable,Court of Session
439,"Running vessel ashore with intent to commit theft, etc.",10 Years + Fine,Cognizable,Non-Bailable,Court of Session
440,"Mischief committed after preparation made for causing death, or hurt, etc.",5 Years + Fine,Cognizable,Bailable,Magistrate First Class
443,Lurking house-trespass,"2 years, or fine, or both",Cognizable,Bailable,Any Magistrate
444,Lurking house-trespass or house-breaking in order to commit offence punishable with imprisonment,"5 years, and fine",Cognizable,Non-bailable,Court of Session
445,House-breaking,"7 years, and fine",Cognizable,Non-bailable,Court of Session
446,House-breaking by night,"10 years, and fine",Cognizable,Cognizable,Court of Session
447,Criminal trespass,3 Months or Fine or Both,Cognizable,Bailable,Any Magistrate
448,House-trespass,1 Year or Fine or Both,Cognizable,Bailable,Any Magistrate
449,House-trespass in order to the commission of an offence punishable with death,Imprisonment for Life or Rigorous Imprisonment for 10 Years + Fine,Cognizable,Non-Bailable,Court of Session
450,House-trespass in order to the commission of an Offence punishable with imprisonment for life,10 Years + Fine,Cognizable,Non-Bailable,Court of Session
451,House-trespass in order to the commission of an Offence punishable with imprisonment,2 Years + Fine,Cognizable,Bailable,Any Magistrate
452,"House-trespass, having made preparation for causing hurt, assault, etc.",7 Years + Fine,Cognizable,Non-Bailable,Any Magistrate
453,Lurking house trespass or house-breaking,2 Years + Fine,Cognizable,Non-Bailable,Any Magistrate
454,Lurking house-trespass or house-breaking in order to the commission of an offence punishable with imprisonment,3 Years + Fine,Cognizable,Non-Bailable,Any Magistrate
455,"Lurking house-trespass or house-breaking after preparation made for causing hurt, assault, etc.",10 Years + Fine,Cognizable,Non-Bailable,Magistrate First Class
456,Lurking house-trespass or house-breaking by night,3 Years + Fine,Cognizable,Non-Bailable,Any Magistrate
457,Lurking house-trespass or house-breaking by night in order to the commission of an offence punishable with imprisonment,5 Years + Fine,Cognizable,Non-Bailable,Magistrate First Class
458,"Lurking house-trespass or house-breaking by night, after preparation made for causing hurt, etc.",14 Years + Fine,Cognizable,Non-Bailable,Magistrate First Class
459,Grievous hurt caused whilst committing lurking house-trespass or house-breaking,Imprisonment for Life or 10 Years + Fine,Cognizable,Non-Bailable,Court of Session
460,"Death or grievous hurt caused by one of several persons jointly concerned in house-breaking by Night, etc.",Imprisonment for Life or 10 Years + Fine,Cognizable,Non-Bailable,Court of Session
461,Dishonestly breaking Open or unfastening any closed receptacle containing or supposed to contain property,2 Years or Fine or Both,Cognizable,Non-Bailable,Any Magistrate
462,"Being entrusted with any closed receptacle containing or supposed to contain any property, and fraudulently opening the same",3 Years or Fine or Both,Cognizable,Bailable,Any Magistrate
464,Making a false document,"2 years, or fine, or both",Cognizable,Bailable,Any Magistrate
465,Forgery,2 Years or Fine or Both,Non-Cognizable,Bailable,Magistrate First Class
466,"Forgery of a record of a court of Justice or of a Registrar of Births, etc., kept by a public servant",7 Years + Fine,Non-Cognizable,Non-Bailable,Magistrate First Class
467,"Forgery of a valuable security, will or authority to make or transfer any valuable security, or to receive any money, etc.",Imprisonment for Life or 10 Years + Fine,Non-Cognizable,Non-Bailable,Magistrate First Class
468,Forgery for the purpose of cheating,7 Years + Fine,Cognizable,Non-Bailable,Magistrate First Class
469,Forgery for the purpose of harming the reputation of any person or knowing that it is likely to be used for that purpose,3 Years + Fine,Cognizable,Bailable,Magistrate First Class
470,Forged document,"7 years, and fine",Cognizable,Non-bailable,Court of Session
471,Using as genuine a forged document which is known to be forged,Same as for Forgery of such document,Cognizable,Bailable,Magistrate First Class
472,"Making or counterfeiting a seal, plate, etc., with intent to commit a forgery punishable under section 467 of the Indian Penal Code, or possessing with like intent any such seal, plate, etc. knowing the same to be counterfeit",Imprisonment for Life or 7 Years + Fine,Cognizable,Bailable,Magistrate First Class
473,"Making or counterfeiting a seal, plate, etc., with intent to commit a forgery punishable otherwise than under section 467 of the Indian Penal Code, or possessing with like intent any such seal plate, etc., knowing the same to be counterfeit",7 Years + Fine,Cognizable,Bailable,Magistrate First Class
474,"Having possession of a document, knowing it to be forged, with intent to use it as genuine; If the document is one of the description mentioned in section 466 of the Indian Penal Code",7 Years + Fine,Cognizable,Bailable,Magistrate First Class
475,"Counterfeiting a device or mark used for authenticating documents described in section 467 of the Indian Penal Code, or possessing counterfeit marked material",Imprisonment for Life or 7 Years + Fine,Non-Cognizable,Bailable,Magistrate First Class
476,"Counterfeiting a device or mark used for authenticating documents other than those described in section 467 of the Indian Penal Code, or possessing counterfeit marked material",7 Years + Fine,Non-Cognizable,Non-Bailable,Magistrate First Class
477,"Fraudulently destroying or defacing, or attempting to destroy or deface, or secreting, a will, etc.",Imprisonment for Life or 7 Years + Fine,Non-Cognizable,Non-Bailable,Magistrate First Class
477A,Falsification of accounts,7 Years or Fine or Both,Non-Cognizable,Bailable,Magistrate First Class
479,"Fraudulent cancellation, destruction, etc., of will, authority to adopt, or valuable security","7 years, and fine",Cognizable,Non-bailable,Court of Session
482,Using a false property mark with intent to deceive or injure any person,1 Year or Fine or Both,Non-Cognizable,Bailable,Any Magistrate
483,"Counterfeiting a property mark used by another, with intent to cause damage or injury",2 Years or Fine or Both,Non-Cognizable,Bailable,Any Magistrate
484,"Counterfeiting a property mark used by a public servant, or any mark used by him to denote the manufacture, quality, etc., of any property",3 Years + Fine,Non-Cognizable,Bailable,Magistrate First Class
485,"Fraudulently making or having possession of any die, plate or other instrument for counterfeiting any public or private property mark",3 Years or Fine or Both,Non-Cognizable,Bailable,Magistrate First Class
486,Knowingly selling goods marked with a counterfeit property mark,1 Year or Fine or Both,Non-Cognizable,Bailable,Any Magistrate
487,"Fraudulently marking a false mark upon any package or receptacle containing goods, with intent to cause it to be believed that it contains goods which it does not contain, etc.",3 Years or Fine or Both,Non-Cognizable,Bailable,Any Magistrate
488,Making use of any such false mark,3 Years or Fine or Both,Non-Cognizable,Bailable,Any Magistrate
489,Removing destroying or defacing property mark with intent to cause injury,1 Year or Fine or Both,Non-Cognizable,Bailable,Any Magistrate
489A,Counterfeiting currency-notes or bank-notes,Imprisonment for Life or 10 Years + Fine,Cognizable,Non-Bailable,Court of Session
489B,Using as genuine forged or counterfeit currency-notes or bank-notes,Imprisonment for Life or 10 Years + Fine,Cognizable,Non-Bailable,Court of Session
489C,Possession of forged or counterfeit currency-notes or bank-notes,7 Years or Fine or Both,Cognizable,Bailable,Court of Session
489D,"Making or possessing machinery, instrument or material for forging or counterfeiting currency-notes or bank-notes",Imprisonment for Life or 10 Years + Fine,Cognizable,Non-Bailable,Court of Session
489E,Making or using documents resembling currency-notes or bank-notes,Fine,Non-Cognizable,Bailable,Any Magistrate
490,On refusal to disclose the name and address of the printer,Fine,Non-Cognizable,Bailable,Any Magistrate
491,"Being bound to attend on or supply the wants of a person who is helpless from youth, unsoundness of mind or disease, and voluntarily omitting to do so",3 Months or Fine or Both,Non-Cognizable,Bailable,Any Magistrate
492,Selling goods marked with a counterfeit property mark,"1 year, or fine, or both",Cognizable,Bailable,Any Magistrate
493,A man by deceit causing a woman not lawfully married to him to believe that she is lawfully married to him and to cohabit with him in that belief,10 Years + Fine,Non-Cognizable,Non-Bailable,Magistrate First Class
494,Marrying again during the life-time of a husband or wife,7 Years + Fine,Non-Cognizable,Bailable,Magistrate First Class
495,Same offence with concealment of the former marriage from the person with whom subsequent marriage is contracted,10 Years + Fine,Non-Cognizable,Bailable,Magistrate First Class
496,A person with fraudulent intention going through the ceremony of being married knowing that he is not thereby lawfully married,7 Years + Fine,Non-Cognizable,Bailable,Magistrate First Class
497,Adultery,5 Years or Fine or Both,Non-Cognizable,Bailable,Magistrate First Class
498,Enticing or taking away or detaining with a criminal intent a married woman,2 Years and Fine,Non-Cognizable,Bailable,Any Magistrate
498A,Punishment for subjecting a married woman to Cruelty,3 Years + Fine,Non-Cognizable,Non-Bailable,Magistrate First Class
500,Defamation against the President or the Vice-president or the Governor of a State or Administrator of a Union Territory or a Minister in respect of his conduct in the discharge of his public functions when instituted upon a complaint made by the Public Prosecutor,Simple Imprisonment for 2 Years or Fine or Both,Non-Cognizable,Bailable,Court of Session
501,Printing or engraving matter knowing it to be defamatory against the President or the Vice-President or the Governor of a State or Administrator of a Union territory or a Minister in respect of his conduct in the discharge of his public functions when instituted upon a complaint made by the Public Prosecutor,Simple Imprisonment for 2 Years or Fine or Both,Non-Cognizable,Bailable,Court of Session
502,"Sale of printed or engraved substance containing defamatory matter, knowing it to contain such matter against the President or the Vice-President or the Governor of a State or Administrator of a Union territory or a Minister in respect of his conduct in the discharge of his public functions when instituted upon a complaint made by the Public Prosecutor",Simple Imprisonment for 2 Years or Fine or Both,Non-Cognizable,Bailable,Court of Session
504,Insult intended to provoke breach of the peace,2 Years or Fine or Both,Non-Cognizable,Bailable,Any Magistrate
505,"False statement, rumour, etc., circulated with intent to cause mutiny or offence against the public peace",3 Years or Fine or Both,Non-Cognizable,Non-Bailable,Any Magistrate
506,Criminal intimidation,2 Years or Fine or Both,Non-Cognizable,Bailable,Any Magistrate
507,Criminal intimidation by Anonymous communication or having taken precaution to conceal whence the threat comes,As in Section 506 + 2 Years,Non-Cognizable,Bailable,Magistrate First Class
508,Act caused by inducing a person to believe that he will be rendered an object of Divine displeasure,1 Year or Fine or Both,Non-Cognizable,Bailable,Any Magistrate
509,"Uttering any word or making any gesture intended to insult the modesty of a woman, etc.",Simple imprisonment for 3 years + Fine,Cognizable,Bailable,Any Magistrate
510,"Appearing in a public Place, etc., in a State of intoxication, and causing annoyance to any person",Simple Imprisonment for 24 hours or Fine or Both,Non-Cognizable,Bailable,Any Magistrate
511,"Attempting to commit offences punishable with imprisonment for life, or imprisonment, and in such attempt doing any act towards the commission of the offence","Imprisonment for Life or Imprisonment not exceeding, half of the longest term provided for the Offence, or Fine, or Both",Same As for Offence attempted,Same As for Offence attempted,Same As for Offence attempted
